Simulation,Return
1.0,0.004318091143841003
2.0,0.005000421646688274
3.0,0.003029924881529671
4.0,0.004215479369268055
5.0,0.004368550105330575
6.0,0.004827129150048206
7.0,0.003791473880177974
8.0,0.003065799454135193
9.0,0.0042319367646374405
10.0,0.0035208337890720587
